1,google.com
2,youtube.com
3,facebook.com
4,baidu.com
5,wikipedia.org
6,yahoo.com
7,google.co.in
8,twitter.com
9,amazon.com
10,qq.com
11,google.co.jp
12,live.com
13,taobao.com
14,vk.com
15,linkedin.com
16,instagram.com
17,hao123.com
18,sohu.com
19,sina.com.cn
20,360.cn
21,weibo.com
22,google.de
23,tmall.com
24,google.co.uk
25,reddit.com
26,google.com.br
27,yahoo.co.jp
28,google.fr
29,yandex.ru
30,google.ru
31,onclickads.net
32,t.co
33,soso.com
34,ebay.com
35,wordpress.com
36,bing.com
37,blogspot.com
38,google.it
39,tumblr.com
40,google.es
41,stackoverflow.com
42,msn.com
43,gmw.cn
44,aliexpress.com
45,microsoft.com
46,apple.com
47,google.com.mx
48,netflix.com
49,pinterest.com
50,google.ca
51,paypal.com
52,imgur.com
53,imdb.com
54,naver.com
55,mail.ru
56,google.com.hk
57,amazon.co.jp
58,popads.net
59,github.com
60,pornhub.com
61,blogger.com
62,ok.ru
63,amazon.in
64,google.co.kr
65,office.com
66,whatsapp.com
67,cnzz.com
68,google.co.id
69,google.com.tr
70,fc2.com
71,google.com.au
72,dropbox.com
73,youku.com
74,google.com.tw
75,adobe.com
76,googleusercontent.com
77,microsoftonline.com
78,xinhuanet.com
79,google.pl
80,xhamster.com
81,tianya.cn
82,cnn.com
83,xvideos.com
84,amazon.de
85,pixnet.net
86,twitch.tv
87,people.com.cn
88,wikia.com
89,alibaba.com
90,coccoc.com
91,adf.ly
92,craigslist.org
93,quora.com
94,google.com.eg
95,google.com.ar
96,so.com
97,bbc.com
98,google.com.sa
99,diply.com
100,360.com
101,haosou.com
102,amazon.co.uk
103,flipkart.com
104,google.com.pk
105,bongacams.com
106,google.co.th
107,nicovideo.jp
108,rakuten.co.jp
109,nytimes.com
110,ask.com
111,vimeo.com
112,godaddy.com
113,espn.com
114,amazonaws.com
115,salesforce.com
116,txxx.com
117,bbc.co.uk
118,youth.cn
119,zhihu.com
120,ebay.de
121,dailymotion.com
122,bet365.com
123,soundcloud.com
124,google.nl
125,booking.com
126,savefrom.net
127,cctv.com
128,terraclicks.com
129,ebay.co.uk
130,thepiratebay.org
131,china.com.cn
132,alipay.com
133,daum.net
134,globo.com
135,uol.com.br
136,stackexchange.com
137,thewhizmarketing.com
138,indiatimes.com
139,dailymail.co.uk
140,w3schools.com
141,livejasmin.com
142,tudou.com
143,google.co.ve
144,google.co.za
145,wordpress.org
146,slideshare.net
147,ettoday.net
148,uptodown.com
149,blastingnews.com
150,avito.ru
151,deviantart.com
152,force.com
153,indeed.com
154,huffingtonpost.com
155,theguardian.com
156,mediafire.com
157,vice.com
158,popcash.net
159,steampowered.com
160,chase.com
161,cnet.com
162,outbrain.com
163,google.com.ph
164,9gag.com
165,buzzfeed.com
166,trello.com
167,tribunnews.com
168,google.gr
169,bp.blogspot.com
170,google.com.vn
171,slack.com
172,github.io
173,livedoor.jp
174,google.com.co
175,china.com
176,csdn.net
177,sogou.com
178,hclips.com
179,etsy.com
180,onlinesbi.com
181,detik.com
182,detail.tmall.com
183,chaturbate.com
184,washingtonpost.com
185,google.be
186,google.com.ua
187,adexchangeprediction.com
188,bilibili.com
189,snapdeal.com
190,babytree.com
191,google.com.ng
192,blogspot.in
193,twimg.com
194,wikihow.com
195,ameblo.jp
196,google.ro
197,redtube.com
198,mama.cn
199,kinogo.club
200,youm7.com
201,fbcdn.net
202,huanqiu.com
203,bankofamerica.com
204,ozock.com
205,spotify.com
206,google.se
207,mercadolivre.com.br
208,google.com.sg
209,livejournal.com
210,shutterstock.com
211,naver.jp
212,forbes.com
213,tistory.com
214,upornia.com
215,foxnews.com
216,goo.ne.jp
217,clicksgear.com
218,skype.com
219,extratorrent.cc
220,walmart.com
221,amazon.it
222,amazon.fr
223,gfycat.com
224,pinimg.com
225,wellsfargo.com
226,google.at
227,mozilla.org
228,openload.co
229,weather.com
230,reimageplus.com
231,google.com.pe
232,myway.com
233,wordreference.com
234,google.az
235,nih.gov
236,zol.com.cn
237,google.dz
238,google.cn
239,doubleclick.net
240,wikimedia.org
241,giphy.com
242,xnxx.com
243,weebly.com
244,files.wordpress.com
245,wetransfer.com
246,archive.org
247,yelp.com
248,youporn.com
249,feedly.com
250,iwanttodeliver.com
251,theladbible.com
252,rutracker.org
253,google.ch
254,51.la
255,doublepimp.com
256,softonic.com
257,google.ae
258,aol.com
259,varzesh3.com
260,ikea.com
261,espncricinfo.com
262,google.cz
263,onclickpredictiv.com
264,instructure.com
265,google.pt
266,blogspot.com.br
267,businessinsider.com
268,freepik.com
269,sourceforge.net
270,allegro.pl
271,paytm.com
272,daikynguyenvn.com
273,163.com
274,flickr.com
275,cloudfront.net
276,123movies.to
277,zippyshare.com
278,gearbest.com
279,tripadvisor.com
280,themeforest.net
281,taboola.com
282,kinopoisk.ru
283,scribd.com
284,thesaurus.com
285,zillow.com
286,rt.com
287,mailchimp.com
288,sh.st
289,google.cl
290,globaloffers.link
291,spotscenered.info
292,webtretho.com
293,dmm.co.jp
294,zendesk.com
295,google.com.bd
296,rarbg.to
297,upwork.com
298,fiverr.com
299,wittyfeed.com
300,tokopedia.com
301,douyu.com
302,xywy.com
303,hdfcbank.com
304,nametests.com
305,speedtest.net
306,rambler.ru
307,media.tumblr.com
308,leboncoin.fr
309,douban.com
310,addthis.com
311,medium.com
312,google.no
313,bitauto.com
314,ebay-kleinanzeigen.de
315,ndtv.com
316,onedio.com
317,youtube-mp3.org
318,irctc.co.in
319,cnblogs.com
320,amazon.es
321,google.hu
322,asos.com
323,gsmarena.com
324,1688.com
325,kakaku.com
326,wix.com
327,roblox.com
328,battle.net
329,directrev.com
330,goodreads.com
331,kompas.com
332,hp.com
333,caijing.com.cn
334,iqiyi.com
335,thewhizproducts.com
336,oracle.com
337,eksisozluk.com
338,4dsply.com
339,google.ie
340,39.net
341,behance.net
342,liputan6.com
343,abs-cbn.com
344,messenger.com
345,jd.com
346,ltn.com.tw
347,hatenablog.com
348,seasonvar.ru
349,chinadaily.com.cn
350,go.com
351,yesky.com
352,icloud.com
353,evernote.com
354,icicibank.com
355,mega.nz
356,sharepoint.com
357,hatena.ne.jp
358,secureserver.net
359,bloomberg.com
360,google.co.il
361,repubblica.it
362,kaskus.co.id
363,nfl.com
364,mediawhirl.net
365,amazon.cn
366,shopify.com
367,2ch.net
368,gmx.net
369,blkget.com
370,kissanime.to
371,samsung.com
372,fivethirtyeight.com
373,quizlet.com
374,telegraph.co.uk
375,wsj.com
376,adnetworkperformance.com
377,bestbuy.com
378,yts.ag
379,xfinity.com
380,pandora.com
381,onet.pl
382,sabah.com.tr
383,americanexpress.com
384,web.de
385,steamcommunity.com
386,zoho.com
387,sberbank.ru
388,canva.com
389,hotstar.com
390,bukalapak.com
391,dictionary.com
392,51yes.com
393,cnnic.cn
394,blogspot.jp
395,google.dk
396,atlassian.net
397,reddituploads.com
398,hootsuite.com
399,google.fi
400,conservativetribune.com
401,digikala.com
402,ruten.com.tw
403,usatoday.com
404,pixabay.com
405,sciencedirect.com
406,blackboard.com
407,tradeadexchange.com
408,1905.com
409,target.com
410,elpais.com
411,mi.com
412,weblio.jp
413,zone-telechargement.com
414,enet.com.cn
415,avg.com
416,telegram.org
417,poptm.com
418,accuweather.com
419,kickstarter.com
420,leagueoflegends.com
421,wixsite.com
422,subscene.com
423,udemy.com
424,infusionsoft.com
425,ebay.in
426,ups.com
427,google.sk
428,dell.com
429,ebay.it
430,capitalone.com
431,neobux.com
432,homedepot.com
433,tube8.com
434,researchgate.net
435,reuters.com
436,beeg.com
437,ign.com
438,spankbang.com
439,usps.com
440,tutorialspoint.com
441,airbnb.com
442,phox2ey.bid
443,qiita.com
444,techcrunch.com
445,baike.com
446,kooora.com
447,trackingclick.net
448,spiegel.de
449,box.com
450,orange.fr
451,ytimg.com
452,4shared.com
453,googleapis.com
454,kapanlagi.com
455,thefreedictionary.com
456,isanalyze.com
457,ouo.io
458,hespress.com
459,blog.jp
460,taringa.net
461,oeeee.com
462,marca.com
463,taleo.net
464,about.com
465,4chan.org
466,list-manage.com
467,hubspot.com
468,fedex.com
469,azlyrics.com
470,eastday.com
471,groupon.com
472,youdao.com
473,hola.com
474,intuit.com
475,wp.pl
476,teepr.com
477,mercadolibre.com.ar
478,free.fr
479,amazon.ca
480,php.net
481,ebay.com.au
482,uploaded.net
483,webmd.com
484,disqus.com
485,state.gov
486,hurriyet.com.tr
487,mashable.com
488,namu.wiki
489,gizmodo.com
490,vk.me
491,blogspot.com.es
492,google.kz
493,exoclick.com
494,ci123.com
495,blogfa.com
496,hilltopads.net
497,independent.co.uk
498,sahibinden.com
499,nownews.com
500,ask.fm
501,rediff.com
502,goo.gl
503,gamefaqs.com
504,theverge.com
505,haber7.com
506,mit.edu
507,gyazo.com
508,goal.com
509,dcinside.com
510,asana.com
511,torrentz2.eu
512,nyaa.se
513,watsons.tmall.com
514,billdesk.com
515,hulu.com
516,google.co.ao
517,chaoshi.tmall.com
518,realclearpolitics.com
519,seznam.cz
520,bhaskar.com
521,pikabu.ru
522,aparat.com
523,xe.com
524,chatwork.com
525,engadget.com
526,uber.com
527,dingit.tv
528,westernjournalism.com
529,cricbuzz.com
530,souq.com
531,citi.com
532,gamepedia.com
533,prezi.com
534,indianexpress.com
535,adidas.tmall.com
536,t-online.de
537,bitbucket.org
538,clipconverter.cc
539,tabelog.com
540,google.com.kw
541,mlb.com
542,elmundo.es
543,att.com
544,reverso.net
545,bitly.com
546,utorrent.com
547,aliyun.com
548,pantip.com
549,xda-developers.com
550,politico.com
551,milliyet.com.tr
552,googlevideo.com
553,corriere.it
554,comcast.net
555,17ok.com
556,naukri.com
557,hm.com
558,putlocker.is
559,playstation.com
560,google.lk
561,rednet.cn
562,buzzhand.com
563,bild.de
564,shink.in
565,gismeteo.ru
566,clixsense.com
567,livescore.com
568,meetup.com
569,livedoor.com
570,java.com
571,detonate.com
572,cpasbien.cm
573,olx.com.br
574,rapidgator.net
575,blogspot.mx
576,huaban.com
577,surveymonkey.com
578,merdeka.com
579,filehippo.com
580,chinaz.com
581,lemonde.fr
582,drudgereport.com
583,verizonwireless.com
584,mercadolibre.com.mx
585,wiley.com
586,lazada.co.id
587,jabong.com
588,my-hit.org
589,gamer.com.tw
590,google.bg
591,urbandictionary.com
592,zomato.com
593,doorblog.jp
594,lenta.ru
595,urdupoint.com
596,asus.com
597,redirectvoluum.com
598,springer.com
599,shopclues.com
600,macys.com
601,reference.com
602,umblr.com
603,wiktionary.org
604,prnt.sc
605,instructables.com
606,howtogeek.com
607,hdzog.com
608,sakura.ne.jp
609,drom.ru
610,clickadu.com
611,dmm.com
612,adbooth.com
613,academia.edu
614,yandex.ua
615,coursera.org
616,ck101.com
617,line.me
618,rottentomatoes.com
619,breitbart.com
620,impress.co.jp
621,elbalad.news
622,duckduckgo.com
623,nike.com
624,google.co.nz
625,glassdoor.com
626,chip.de
627,nbcnews.com
628,jrj.com.cn
629,ifeng.com
630,adexc.net
631,siteadvisor.com
632,vporn.com
633,innfrad.com
634,superuser.com
635,flirt4free.com
636,cbsnews.com
637,jimdo.com
638,biobiochile.cl
639,mirror.co.uk
640,curapelanatureza.com.br
641,convert2mp3.net
642,latimes.com
643,sq.cn
644,wowhead.com
645,lifehacker.com
646,4pda.ru
647,zing.vn
648,mercadolibre.com.ve
649,cbssports.com
650,commentcamarche.net
651,ero-advertising.com
652,npr.org
653,codecanyon.net
654,libero.it
655,banggood.com
656,streamcloud.eu
657,abril.com.br
658,airtel.in
659,thevideo.me
660,cambridge.org
661,mobile.de
662,lenovo.com
663,seesaa.net
664,eventbrite.com
665,intoday.in
666,drive2.ru
667,getpocket.com
668,squarespace.com
669,okezone.com
670,google.rs
671,ibm.com
672,ria.ru
673,newegg.com
674,nba.com
675,time.com
676,51sole.com
677,expedia.com
678,ouedkniss.com
679,norton.com
680,dafont.com
681,myanimelist.net
682,android.com
683,nanoadexchange.com
684,investing.com
685,blog.me
686,kijiji.ca
687,japanpost.jp
688,onlinevideoconverter.com
689,prothom-alo.com
690,fmovies.to
691,smartnewtab.com
692,issuu.com
693,bookmyshow.com
694,nexusmods.com
695,getmyads.com
696,bola.net
697,basecamp.com
698,eyny.com
699,gotporn.com
700,google.com.do
701,ebay.fr
702,subito.it
703,google.by
704,codeonclick.com
705,momoshop.com.tw
706,nikkeibp.co.jp
707,nordstrom.com
708,adplxmd.com
709,photobucket.com
710,kdnet.net
711,lefigaro.fr
712,the-watch-series.to
713,chouftv.ma
714,shaparak.ir
715,linkshrink.net
716,ca.gov
717,porn.com
718,alxsite.com
719,olx.in
720,popmyads.com
721,discordapp.com
722,clicksor.net
723,webex.com
724,as.com
725,genius.com
726,timeanddate.com
727,lapatilla.com
728,khanacademy.org
729,nudevista.com
730,digitalocean.com
731,codepen.io
732,wunderground.com
733,thewaycloud.com
734,rbc.ru
735,hotels.com
736,livedoor.biz
737,itmedia.co.jp
738,askubuntu.com
739,answers.com
740,inquirer.net
741,123rf.com
742,donga.com
743,nikkei.com
744,olx.ua
745,cisco.com
746,youjizz.com
747,ultimate-guitar.com
748,sabq.org
749,acfun.tv
750,emol.com
751,justdial.com
752,list.tmall.com
753,elmogaz.com
754,suning.com
755,myntra.com
756,trendingpatrol.com
757,pwwysydh.com
758,nypost.com
759,thesportbible.com
760,vnexpress.net
761,freelancer.com
762,grammarly.com
763,thekitchn.com
764,ablogica.com
765,www.gov.uk
766,moneycontrol.com
767,alicdn.com
768,albawabhnews.com
769,makeuseof.com
770,wish.com
771,absoluteclickscom.com
772,ruliweb.com
773,ccm.net
774,patch.com
775,makemytrip.com
776,allocine.fr
777,investopedia.com
778,cnbc.com
779,jeuxvideo.com
780,europa.eu
781,blogspot.com.eg
782,xing.com
783,imagebam.com
784,appledaily.com.tw
785,merriam-webster.com
786,sitepoint.com
787,drtuber.com
788,fanfiction.net
789,cdiscount.com
790,chinaso.com
791,e-hentai.org
792,dl-protect.com
793,pof.com
794,allrecipes.com
795,abcnews.go.com
796,google.com.my
797,olx.pl
798,discogs.com
799,spzan.com
800,slickdeals.net
801,topix.com
802,wp.com
803,okcupid.com
804,blogspot.it
805,elevenia.co.id
806,ensonhaber.com
807,epwk.com
808,oschina.net
809,inven.co.kr
810,adme.ru
811,getbootstrap.com
812,voc.com.cn
813,youboy.com
814,cookpad.com
815,leadzupc.com
816,manoramaonline.com
817,stanford.edu
818,google.tn
819,chron.com
820,office365.com
821,sputniknews.com
822,intel.com
823,01n2e3pac2.com
824,paytm.in
825,gamespot.com
826,google.com.ec
827,turbobit.net
828,junbi-tracker.com
829,custhelp.com
830,slate.com
831,informer.com
832,apache.org
833,1111.tmall.com
834,bodybuilding.com
835,google.hr
836,jb51.net
837,trulia.com
838,badoo.com
839,lanacion.com.ar
840,gazetaexpress.com
841,clarin.com
842,buzzfil.net
843,infobae.com
844,lifebuzz.com
845,mangafox.me
846,1337x.to
847,nhk.or.jp
848,ted.com
849,fbsbx.com
850,dribbble.com
851,ameba.jp
852,r7mediar.com
853,adp.com
854,58.com
855,gmarket.co.kr
856,india.com
857,gazeta.pl
858,deviantart.net
859,blogimg.jp
860,istockphoto.com
861,altervista.org
862,bhphotovideo.com
863,op.gg
864,theodysseyonline.com
865,blogspot.fr
866,realtor.com
867,wattpad.com
868,ptt.cc
869,battlefield.com
870,bleacherreport.com
871,ab4hr.com
872,g2a.com
873,zeppfeed.com
874,wired.com
875,kohls.com
876,zytpirwai.net
877,twoo.com
878,bandcamp.com
879,videoyoum7.com
880,gigazine.net
881,hostgator.com
882,1fichier.com
883,camdolls.com
884,hotmovs.com
885,discuss.com.hk
886,mynavi.jp
887,pixiv.net
888,harvard.edu
889,constantcontact.com
890,quikr.com
891,zhanqi.tv
892,pcmag.com
893,likes.com
894,gazzetta.it
895,zara.com
896,dict.cc
897,fishki.net
898,elwatannews.com
899,blogspot.de
900,uptobox.com
901,imagetwist.com
902,microsoftstore.com
903,yandex.com.tr
904,setn.com
905,safefinder.com
906,google.com.ly
907,le.com
908,yaplakal.com
909,mobile01.com
910,kayak.com
911,givemesport.com
912,thehindu.com
913,hdrezka.me
914,narod.ru
915,agoda.com
916,videodownloadconverter.com
917,xtube.com
918,cloudflare.com
919,duolingo.com
920,360doc.com
921,lowes.com
922,costco.com
923,k618.cn
924,bidverdrs.com
925,asahi.com
926,shareasale.com
927,tnaflix.com
928,okta.com
929,fidelity.com
930,gmanetwork.com
931,unity3d.com
932,liveleak.com
933,ps4ux.com
934,idnes.cz
935,almasryalyoum.com
936,gutefrage.net
937,aweber.com
938,southwest.com
939,sex.com
940,voyeurhit.com
941,bintang.com
942,ibtimes.co.uk
943,entrepreneur.com
944,alwafd.org
945,elfagr.org
946,keepvid.com
947,fanpage.gr
948,flaticon.com
949,myfreecams.com
950,udn.com
951,digitaltrends.com
952,suara.com
953,techradar.com
954,ancestry.com
955,nature.com
956,himado.in
957,xl415.com
958,google.iq
959,friv.com
960,sapo.pt
961,backpage.com
962,americanas.com.br
963,verizon.com
964,toutiao.com
965,jquery.com
966,biblegateway.com
967,gap.com
968,nairaland.com
969,cqnews.net
970,stockstar.com
971,bitmedianetwork.com
972,11st.co.kr
973,uzone.id
974,noaa.gov
975,cam4.com
976,hh.ru
977,xunlei.com
978,vidzi.tv
979,hepsiburada.com
980,liveinternet.ru
981,reallifecam.com
982,marketwatch.com
983,wargaming.net
984,lequipe.fr
985,so-net.ne.jp
986,jsfiddle.net
987,zedo.com
988,tmz.com
989,indiamart.com
990,cnmo.com
991,fontawesome.io
992,testsafebrowsing.appspot.com/apiv4/ANY_PLATFORM/MALWARE/URL/
993,houzz.com
994,nydailynews.com
995,todayhumor.co.kr
996,ea.com
997,pixlr.com
998,vetogate.com
999,bluehost.com
1000,caixa.gov.br
